y,pct,r,g,b,luma,jump
0,0.0,247.5,242.375,235.5,242.9682,0.0
1,0.0011123470522803114,247.5,242.0,235.875,242.727075,0.5303300858899106
2,0.002224694104560623,247.5,242.25,235.5,242.87879999999998,0.45069390943299864
3,0.0033370411568409346,247.5,242.0,235.75,242.71805,0.3535533905932738
4,0.004449388209121246,246.5,241.25,234.5,241.87879999999998,1.7677669529663689
5,0.0055617352614015575,246.5,241.0,234.75,241.71804999999998,0.3535533905932738
6,0.006674082313681869,246.5,241.25,234.5,241.87879999999998,0.3535533905932738
7,0.00778642936596218,246.5,241.0,234.75,241.71804999999998,0.3535533905932738
8,0.008898776418242492,245.5,240.125,233.5,240.78939999999997,1.824314939915803
9,0.010011123470522803,245.5,240.0,233.625,240.709025,0.1767766952966369
10,0.011123470522803115,244.51282051282053,239.26282051282053,232.51282051282053,239.89162051282048,1.659789187797331
11,0.012235817575083427,244.5,239.0,232.75,239.71805,0.35425004819610645
12,0.013348164627363738,243.51282051282053,238.13782051282053,231.51282051282053,238.80222051282053,1.8023567603331647
13,0.014460511679644048,243.5,238.0,231.5,238.7,0.1390080028346392
14,0.01557285873192436,242.51282051282053,237.26282051282053,230.51282051282053,237.8916205128205,1.5787590937613172
15,0.01668520578420467,242.375,237.0,230.75,237.69147499999997,0.37989896663728245
16,0.017797552836484983,241.5,236.125,229.5,236.78939999999997,1.758905909933786
17,0.018909899888765295,240.5,235.0,228.5,235.7,1.80710403685012
18,0.020022246941045607,239.51282051282053,234.26282051282053,227.51282051282053,234.8916205128205,1.5787590937613172
19,0.021134593993325918,238.4198717948718,233.0448717948718,226.6698717948718,233.72732179487178,1.8407874729881593
20,0.02224694104560623,44.375,64.40064102564102,69.07371794871794,60.48058589743589,301.5474034853134
21,0.02335928809788654,61.705128205128204,78.6474358974359,74.57051282051282,74.75114743589744,23.09803588160195
22,0.024471635150166853,38.15064102564103,57.10897435897436,52.28846153846154,52.73039166666666,38.92568562104431
23,0.025583982202447165,37.26282051282051,56.1025641025641,51.657051282051285,51.77626858974359,1.48316073946579
24,0.026696329254727477,37.375,56.09935897435897,51.256410256410255,51.76889935897435,0.41606218479616747
25,0.027808676307007785,36.368589743589745,55.34615384615385,50.22435897435897,50.94173012820513,1.6264407207598912
26,0.028921023359288096,36.56089743589744,55.25320512820513,50.82692307692308,50.95964294871795,0.6393005634190468
27,0.030033370411568408,36.76602564102564,55.01282051282051,50.69551282051282,50.82184230769231,0.34224406399898527
28,0.03114571746384872,36.17307692307692,55.02884615384615,50.657051282051285,50.704466025641025,0.5944108791300378
29,0.03225806451612903,35.46474358974359,53.92307692307692,49.90064102564103,49.70841538461538,1.515459725241722
30,0.03337041156840934,34.97115384615385,52.85897435897436,49.39102564102564,48.805637820512814,1.2789264803511287
31,0.034482758620689655,34.42307692307692,52.80448717948718,49.14102564102564,48.632097435897435,0.6048612785903387
32,0.035595105672969966,34.47115384615385,52.82371794871795,48.73076923076923,48.62645192307693,0.41351122738594
33,0.03670745272525028,35.12820512820513,53.69551282051282,49.99679487179487,49.481055769230764,1.6716948314412647
34,0.03781979977753059,35.31089743589744,54.743589743589745,51.56089743589744,50.38240897435897,1.8916285436122418
35,0.0389321468298109,43.90384615384615,64.03846153846153,61.041666666666664,59.541473717948705,15.8151318223877
36,0.04004449388209121,38.75,59.541666666666664,57.46474358974359,54.971404487179484,7.718657460643026
37,0.041156840934371525,39.09615384615385,60.49679487179487,60.131410256410255,55.920637820512816,2.8536298786895307
38,0.042269187986651836,39.10897435897436,60.67948717948718,61.15064102564103,56.12761346153846,1.0355540573942426
39,0.04338153503893215,38.73397435897436,60.455128205128204,61.00961538461539,55.877244871794865,0.459184255829951
40,0.04449388209121246,38.30448717948718,60.22435897435897,60.967948717948715,55.6178814102564,0.489336066854656
41,0.04560622914349277,37.63782051282051,58.87179487179487,60.21153846153846,54.454181410256396,1.6870182488616163
42,0.04671857619577308,37.2275641025641,58.592948717948715,59.90064102564103,54.14508333333333,0.5854252431513903
43,0.047830923248053395,39.06089743589744,64.10897435897436,67.78205128205128,59.04894935897436,9.793072940268152
44,0.048943270300333706,42.60576923076923,71.7051282051282,79.59294871794872,66.08810512820513,14.48326508553247
45,0.05005561735261402,42.26602564102564,71.6826923076923,79.77884615384616,66.01325128205127,0.3879264530021901
46,0.05116796440489433,39.1025641025641,65.38782051282051,70.9775641025641,60.203154487179475,11.273662473456335
47,0.05228031145717464,37.30128205128205,62.375,67.1698717948718,57.390517307692306,5.178824691066699
48,0.05339265850945495,35.92628205128205,61.86538461538461,67.43589743589743,56.752922435897425,1.4903363653617894
49,0.054505005561735265,38.67948717948718,66.19551282051282,73.9775641025641,60.90746987179487,8.314057464836269
50,0.05561735261401557,38.65064102564103,66.88141025641026,76.14102564102564,61.54809294871795,2.269769420351933
51,0.05672969966629588,41.02884615384615,68.06089743589743,77.01282051282051,62.96021217948717,2.794114517496302
52,0.05784204671857619,46.33653846153846,71.67628205128206,79.875,66.881,7.030979659131932
53,0.058954393770856504,43.717948717948715,68.46794871794872,77.59935897435898,63.865386538461536,4.725352590081693
54,0.060066740823136816,42.01282051282051,67.4775641025641,78.16025641025641,62.835049999999995,2.0501048304685723
55,0.06117908787541713,41.38782051282051,70.0801282051282,84.54807692307692,65.02472948717948,6.925909024233987
56,0.06229143492769744,38.23397435897436,64.43910256410257,76.22435897435898,59.71878782051282,10.538130590130685
57,0.06340378197997776,39.76602564102564,60.83974358974359,66.06410256410257,56.736669871794874,10.887303453072755
58,0.06451612903225806,40.5,59.22435897435897,60.99038461538461,55.37106730769231,5.3750162454076245
59,0.06562847608453838,28.919871794871796,47.82692307692308,48.94551282051282,43.888046153846155,20.225722504728086
60,0.06674082313681869,29.080128205128204,48.46153846153846,49.28525641025641,44.40052307692307,0.7374581413142431
61,0.067853170189099,33.22435897435897,52.06410256410256,53.791666666666664,48.183503205128204,7.103580096036228
62,0.06896551724137931,32.49038461538461,51.22115384615385,52.592948717948715,47.338035897435894,1.6389648017275322
63,0.07007786429365963,29.28846153846154,48.743589743589745,50.08974358974359,44.7046217948718,4.759902434579854
64,0.07119021134593993,28.125,46.24679487179487,48.17307692307692,42.53317884615384,3.3557768838842095
65,0.07230255839822025,23.368589743589745,42.08653846153846,44.22115384615385,38.26122179487179,7.453111292090126
66,0.07341490545050056,22.557692307692307,41.52884615384615,43.25320512820513,37.620077564102566,1.3803985229573277
67,0.07452725250278086,22.66025641025641,41.57371794871795,42.07692307692308,37.589047435897434,1.1815973668209092
68,0.07563959955506118,22.099358974358974,40.50320512820513,41.5224358974359,36.6641358974359,1.3296840469428348
69,0.07675194660734148,21.625,40.333333333333336,40.955128205128204,36.400835256410254,0.7587561406666467
70,0.0778642936596218,21.740384615384617,40.1025641025641,40.71474358974359,36.2429641025641,0.3526369388633132
71,0.07897664071190211,21.253205128205128,39.93910256410256,40.17628205128205,35.98360512820513,0.7443146886143334
72,0.08008898776418243,20.858974358974358,38.58974358974359,39.32692307692308,34.87340641025641,1.6424366680074765
73,0.08120133481646273,20.487179487179485,37.15384615384615,36.12820512820513,33.53646153846154,3.525879945284604
74,0.08231368186874305,27.067307692307693,44.01602564102564,41.16346153846154,40.20677307692308,10.75831778798242
75,0.08342602892102335,18.923076923076923,34.97115384615385,31.932692307692307,31.33995576923077,15.275644051884312
76,0.08453837597330367,18.990384615384617,34.99038461538461,31.368589743589745,31.327291025641024,0.5684292838657059
77,0.08565072302558398,18.5,34.25,31.0,30.6669,0.9615117517657773
78,0.0867630700778643,18.25,33.75,30.5,30.22005,0.75
79,0.0878754171301446,18.0,33.0,31.0,29.666599999999995,0.9354143466934853
80,0.08898776418242492,17.75,32.5,30.0,29.18365,1.14564392373896
81,0.09010011123470522,17.25,32.25,30.0,28.898549999999997,0.5590169943749475
82,0.09121245828698554,17.25,32.0,29.75,28.701699999999995,0.3535533905932738
83,0.09232480533926585,17.0,32.0,29.5,28.630499999999998,0.3535533905932738
84,0.09343715239154617,16.5,31.0,29.0,27.7729,1.224744871391589
85,0.09454949944382647,16.5,31.125,28.625,27.835224999999994,0.39528470752104744
86,0.09566184649610679,16.0,30.875,27.875,27.495974999999994,0.9354143466934853
87,0.0967741935483871,15.5,30.5,27.5,27.0944,0.7288689868556626
88,0.09788654060066741,15.75,30.0,26.75,26.735799999999998,0.9354143466934853
89,0.09899888765294772,63.75,88.25,91.25,83.2579,99.28399921437492
90,0.10011123470522804,217.12179487179486,211.62179487179486,206.12179487179486,212.39399487179483,227.90137447841747
91,0.10122358175750834,219.0,213.75641025641025,208.00641025641025,214.45604743589743,3.411159992111449
92,0.10233592880978866,219.5,214.5,209.0,215.1659,1.3379634843068853
93,0.10344827586206896,220.00641025641025,215.88141025641025,210.00641025641025,216.33421025641024,1.782584429563061
94,0.10456062291434928,218.38141025641025,213.67628205128204,208.13141025641025,214.27625256410258,3.3194638725330234
95,0.10567296996662959,216.22435897435898,212.40384615384616,206.84935897435898,212.8150532051282,2.813470958849904
96,0.1067853170189099,218.21794871794873,213.72756410256412,207.48717948717947,214.2316641025641,2.4765791487612354
97,0.10789766407119021,216.13141025641025,212.58653846153845,206.30128205128204,212.88638269230768,2.657430148362417
98,0.10901001112347053,150.875,153.20192307692307,149.66666666666666,152.45197371794873,104.84470078976304
99,0.11012235817575083,176.85897435897436,176.90705128205127,172.36217948717947,176.56869038461537,41.85912479848884
100,0.11123470522803114,189.64102564102564,188.3301282051282,183.32051282051282,188.24713076923075,20.34582489878368
101,0.11234705228031146,175.07371794871796,175.6698717948718,171.38782051282053,175.23396538461537,22.69091649726524
102,0.11345939933259176,190.97435897435898,189.43910256410257,184.69551282051282,189.42301089743592,24.89009392426719
103,0.11457174638487208,192.40384615384616,191.21153846153845,186.60256410256412,191.1322551282051,2.970152723213247
104,0.11568409343715239,182.81410256410257,182.15064102564102,177.73397435897436,181.97280961538462,15.897010049093705
105,0.1167964404894327,168.08333333333334,169.36858974358975,165.52884615384616,168.81811474358975,23.0074238369006
106,0.11790878754171301,230.18269230769232,224.67948717948718,218.91346153846155,225.43316153846155,98.8207615835558
107,0.11902113459399333,232.5,227.52243589743588,220.875,228.10072115384614,4.159315507365262
108,0.12013348164627363,233.54807692307693,227.875,221.1153846153846,228.5930519230769,1.1316145308438128
109,0.12124582869855395,235.21153846153845,229.89423076923077,223.4647435897436,230.5604814102564,3.5162316163401597
110,0.12235817575083426,238.5448717948718,232.5448717948718,225.7948717948718,233.33312179487177,4.854534623448107
111,0.12347052280311457,239.01282051282053,233.76282051282053,227.01282051282053,234.3916205128205,1.7848737103043923
112,0.12458286985539488,240.5,234.5,227.5,235.2702,1.7298786882709594
113,0.12569521690767518,241.0,235.5,229.0,236.2,1.8708286933869707
114,0.12680756395995552,242.5,236.5,229.75,237.28824999999998,1.9525624189766635
115,0.12791991101223582,242.01282051282053,236.76282051282053,230.01282051282053,237.3916205128205,0.6127749151580405
116,0.12903225806451613,243.5,237.5,230.5,238.2702,1.7298786882709594
117,0.13014460511679643,243.01282051282053,237.51282051282053,231.01282051282053,238.2128205128205,0.7074553672472517
118,0.13125695216907676,244.375,238.5,231.625,239.25265,1.7902011115301522
119,0.13236929922135707,244.01282051282053,238.63782051282053,232.01282051282053,239.30222051282053,0.5482455880826357
120,0.13348164627363737,242.13141025641025,236.48717948717947,229.5897435897436,237.18914807692303,3.746500120011229
121,0.13459399332591768,238.625,233.76923076923077,227.50320512820514,234.34916025641024,4.902632035053949
122,0.135706340378198,240.78205128205127,235.47115384615384,228.7051282051282,236.11174358974355,2.999005081023124
123,0.13681868743047831,238.55769230769232,233.82051282051282,227.43589743589743,234.36666794871795,3.046856640523572
124,0.13793103448275862,181.27564102564102,182.00320512820514,177.43910256410257,181.5189967948718,92.01057696271216
125,0.13904338153503892,200.5801282051282,199.60256410256412,194.65064102564102,199.4528653846154,31.28318586372482
126,0.14015572858731926,211.66666666666666,209.5096153846154,203.79807692307693,209.55583141025642,17.456705979710613
127,0.14126807563959956,200.6602564102564,199.78205128205127,194.7948717948718,199.60868333333332,17.2285888186597
128,0.14238042269187987,211.70833333333334,209.44871794871796,203.77564102564102,209.51951602564102,17.209260998630974
129,0.14349276974416017,210.95192307692307,209.1602564102564,203.76602564102564,209.15170128205128,0.8096042186127523
130,0.1446051167964405,204.47435897435898,203.0897435897436,197.67948717948718,202.99349230769232,10.7636384671088
131,0.1457174638487208,195.25320512820514,194.79807692307693,190.05128205128204,194.55211858974357,14.559221402380137
132,0.1468298109010011,243.52884615384616,237.92948717948718,231.06410256410257,238.6242301282051,76.63489749167907
133,0.14794215795328142,244.10897435897436,238.90705128205127,232.25,239.53234102564102,1.642721229385955
134,0.14905450500556172,244.48076923076923,238.92307692307693,232.02243589743588,239.606416025641,0.4362037008543746
135,0.15016685205784205,245.19871794871796,239.625,233.18269230769232,240.34483782051282,1.5343862959054746
136,0.15127919911012236,247.5,241.5,234.5,242.27020000000002,3.2475873561408437
137,0.15239154616240266,247.0,241.375,234.625,242.08352499999998,0.5303300858899106
138,0.15350389321468297,247.25,241.5,234.5,242.21705,0.30618621784789724
139,0.1546162402669633,247.0,241.25,234.75,242.00314999999998,0.4330127018922193
140,0.1557285873192436,247.5,241.5,234.5,242.27020000000002,0.6123724356957945
141,0.1568409343715239,247.0,241.375,234.5,242.0745,0.5153882032022076
142,0.15795328142380421,247.25,241.5,234.5,242.21705,0.2795084971874737
143,0.15906562847608455,247.0,241.25,234.75,242.00314999999998,0.4330127018922193
144,0.16017797552836485,247.375,241.5,234.5,242.243625,0.5153882032022076
145,0.16129032258064516,247.0,241.25,234.5,241.9851,0.45069390943299864
146,0.16240266963292546,247.25,241.5,234.5,242.21705,0.3535533905932738
147,0.1635150166852058,246.16346153846155,240.49679487179486,233.89743589743588,241.22505448717948,1.5968938146784637
148,0.1646273637374861,245.77884615384616,240.06089743589743,233.125,240.77576153846152,0.9667433911604338
149,0.1657397107897664,245.60576923076923,239.99679487179486,233.30448717948718,240.7060782051282,0.25744981574389786
150,0.1668520578420467,245.20833333333334,239.6602564102564,232.7403846153846,240.34016282051283,0.7677402760650427
151,0.16796440489432704,228.85897435897436,224.94551282051282,218.86217948717947,225.33829807692305,26.00826398214406
152,0.16907675194660735,235.1153846153846,230.46153846153845,223.92307692307693,230.9788692307692,9.756120695524482
153,0.17018909899888765,237.84294871794873,232.92948717948718,226.61858974358975,233.5184423076923,4.560281370000116
154,0.17130144605116795,232.79166666666666,228.4903846153846,222.05448717948718,228.94016538461537,8.127245176065138
155,0.1724137931034483,236.71794871794873,232.0352564102564,225.55448717948718,232.56288525641025,6.342854782217337
156,0.1735261401557286,237.42628205128204,232.67307692307693,226.05128205128204,233.20551474358973,1.074874998466052
157,0.1746384872080089,234.6602564102564,229.94230769230768,223.875,230.50728397435893,4.454683154306236
158,0.1757508342602892,231.11217948717947,227.00320512820514,220.61858974358975,227.41580384615386,5.641930652927158
159,0.17686318131256953,246.60576923076923,240.89743589743588,233.9102564102564,241.60655320512817,24.69350875410551
160,0.17797552836484984,247.375,241.5,234.5,242.243625,1.1413137060746812
161,0.17908787541713014,247.0,241.0,234.375,241.79727499999998,0.6373774391990981
162,0.18020022246941045,247.25,241.5,234.5,242.21705,0.57282196186948
163,0.18131256952169078,247.0,241.125,234.25,241.87765,0.5153882032022076
164,0.18242491657397109,247.25,241.5,234.5,242.21705,0.5153882032022076
165,0.1835372636262514,247.0,241.0,234.25,241.78824999999998,0.6123724356957945
166,0.1846496106785317,247.25,241.5,234.5,242.21705,0.6123724356957945
167,0.185761957730812,247.0,241.125,234.25,241.87765,0.5153882032022076
168,0.18687430478309233,247.125,241.5,234.5,242.190475,0.46770717334674267
169,0.18798665183537264,247.0,241.0,234.125,241.779225,0.6373774391990981
170,0.18909899888765294,247.25,241.5,234.5,242.21705,0.673145600891813
171,0.19021134593993325,247.0,241.0,234.25,241.78824999999998,0.6123724356957945
172,0.19132369299221358,247.25,241.5,234.5,242.21705,0.6123724356957945
173,0.19243604004449388,247.0,241.0,234.125,241.779225,0.673145600891813
174,0.1935483870967742,247.25,241.375,234.5,242.12765,0.5863019699779287
175,0.1946607341490545,247.0,241.0,234.25,241.78824999999998,0.5153882032022076
176,0.19577308120133483,247.125,241.5,234.5,242.190475,0.57282196186948
177,0.19688542825361513,247.0,241.0,234.0,241.7702,0.7180703308172536
178,0.19799777530589543,247.25,241.25,234.5,242.03824999999998,0.6123724356957945
179,0.19911012235817574,247.0,241.0,234.25,241.78824999999998,0.4330127018922193
180,0.20022246941045607,247.125,241.5,234.5,242.190475,0.57282196186948
181,0.20133481646273638,247.0,241.0,234.0,241.7702,0.7180703308172536
182,0.20244716351501668,247.25,241.25,234.5,242.03824999999998,0.6123724356957945
183,0.203559510567297,247.0,241.0,234.125,241.779225,0.5153882032022076
184,0.20467185761957732,247.125,241.375,234.5,242.10107499999998,0.5448623679425842
185,0.20578420467185762,247.0,241.0,234.0,241.7702,0.6373774391990981
186,0.20689655172413793,247.25,241.25,234.5,242.03824999999998,0.6123724356957945
187,0.20800889877641823,247.0,241.0,234.0,241.7702,0.6123724356957945
188,0.20912124582869857,247.0,241.375,234.5,242.0745,0.625
189,0.21023359288097887,247.0,241.0,234.0,241.7702,0.625
190,0.21134593993325917,247.25,241.25,234.375,242.02922499999997,0.5153882032022076
191,0.21245828698553948,247.0,241.0,234.0,241.7702,0.5153882032022076
192,0.2135706340378198,247.0,241.25,234.5,241.9851,0.5590169943749475
193,0.21468298109010012,247.0,241.0,234.0,241.7702,0.5590169943749475
194,0.21579532814238042,247.25,241.25,234.25,242.02019999999996,0.4330127018922193
195,0.21690767519466073,247.0,241.0,234.0,241.7702,0.4330127018922193
196,0.21802002224694106,247.0,241.25,234.375,241.97607499999998,0.45069390943299864
197,0.21913236929922136,247.0,241.0,234.0,241.7702,0.45069390943299864
198,0.22024471635150167,247.125,241.25,234.25,241.99362499999995,0.375
199,0.22135706340378197,247.0,241.0,234.0,241.7702,0.375
200,0.22246941045606228,247.0,241.125,234.25,241.87765,0.2795084971874737
201,0.2235817575083426,247.0,241.0,234.0,241.7702,0.2795084971874737
202,0.22469410456062291,247.125,241.25,234.25,241.99362499999995,0.375
203,0.22580645161290322,247.0,241.0,234.0,241.7702,0.375
204,0.22691879866518352,247.0,241.0,234.125,241.779225,0.125
205,0.22803114571746386,247.0,241.0,234.0,241.7702,0.125
206,0.22914349276974416,247.125,241.25,234.25,241.99362499999995,0.375
207,0.23025583982202447,247.0,241.0,234.0,241.7702,0.375
208,0.23136818687430477,247.0,241.0,234.0,241.7702,0.0
209,0.2324805339265851,247.0,241.0,234.0,241.7702,0.0
210,0.2335928809788654,247.0,241.125,234.25,241.87765,0.2795084971874737
211,0.2347052280311457,247.0,241.0,234.0,241.7702,0.2795084971874737
212,0.23581757508342602,247.0,241.0,234.0,241.7702,0.0
213,0.23692992213570635,247.0,241.0,234.0,241.7702,0.0
214,0.23804226918798665,247.0,241.125,234.125,241.868625,0.1767766952966369
215,0.23915461624026696,247.0,241.0,234.0,241.7702,0.1767766952966369
216,0.24026696329254726,245.5,239.5,232.5,240.27019999999996,2.598076211353316
217,0.2413793103448276,244.0,239.0,231.0,239.4854,2.179449471770337
218,0.2424916573971079,242.5,237.75,230.0,238.20029999999997,2.1937410968480306
219,0.2436040044493882,241.75,237.0,229.0,237.43225,1.4577379737113252
220,0.2447163515016685,240.5,236.0,227.5,236.343,2.1937410968480306
221,0.24582869855394884,239.0,235.0,226.5,235.23669999999998,2.0615528128088303
222,0.24694104560622915,237.75,234.375,225.5,234.45175,1.71846588560844
223,0.24805339265850945,236.875,233.125,224.125,233.27245,2.053959590644373
224,0.24916573971078976,235.5,232.5,223.375,232.478975,1.6863421954040052
225,0.25027808676307006,234.0,231.5,222.0,231.3456,2.2672946434021317
226,0.25139043381535037,233.25,230.5,220.75,230.38070000000002,1.7677669529663689
227,0.2525027808676307,232.0,229.75,219.875,229.515375,1.7001838135919305
228,0.25361512791991103,230.5,228.5,218.5,228.20319999999998,2.38812164681785
229,0.25472747497219134,229.375,228.0,217.25,227.516175,1.7544586059522749
230,0.25583982202447164,228.5,227.0,216.5,226.5608,1.5258194519667128
231,0.25695216907675195,227.0,226.0,215.0,225.4184,2.345207879911715
232,0.25806451612903225,225.75,225.25,214.0,224.54404999999997,1.7677669529663689
233,0.25917686318131256,224.75,224.0,213.0,223.36525,1.8874586088176875
234,0.26028921023359286,223.5,223.5,211.5,222.63359999999997,2.0155644370746373
235,0.26140155728587317,222.0,222.375,210.5,221.4379,2.125
236,0.2625139043381535,220.875,221.5,209.5,220.500725,1.741048534648015
237,0.26362625139043383,220.0,220.75,208.125,219.679025,1.7940875118009154
238,0.26473859844271413,218.5,219.5,207.375,218.41197499999998,2.091650066335189
239,0.26585094549499444,217.125,219.0,206.0,217.66277499999998,2.0077973005261263
240,0.26696329254727474,216.25,217.75,204.75,216.49249999999998,1.9724667297574374
241,0.26807563959955505,215.0,217.0,203.875,215.627175,1.7001838135919305
242,0.26918798665183535,213.5,216.0,202.5,214.49379999999996,2.2672946434021317
243,0.27030033370411566,212.5,215.0,201.5,213.49380000000002,1.7320508075688772
244,0.271412680756396,211.5,214.375,200.5,212.762,1.5461646096066226
245,0.2725250278086763,208.0,212.0,198.0,210.1388,4.9133110017583865
246,0.27363737486095663,204.5,209.5,195.125,207.39912499999997,5.173550521643719
247,0.27474972191323693,201.0,206.5,192.0,204.2838,5.569167352486366
248,0.27586206896551724,197.0,203.5,189.5,201.1073,5.5901699437494745
249,0.27697441601779754,193.0,201.0,186.75,198.27035,5.460082416960389
250,0.27808676307007785,189.5,198.375,183.625,195.42322499999997,5.376453291901642
251,0.27919911012235815,186.0,195.375,181.0,192.34399999999997,5.304773793480736
252,0.2803114571746385,182.125,192.5,178.375,189.27444999999997,5.4928931356799575
253,0.2814238042269188,178.125,190.0,175.25,186.41042499999998,5.658235148878138
254,0.2825361512791991,174.5,187.25,172.5,183.4744,5.316542579534184
255,0.2836484983314794,171.0,184.25,170.0,180.4042,5.244044240850758
256,0.28476084538375973,167.25,181.5,166.75,177.40550000000002,5.673402858955108
257,0.28587319243604004,163.25,179.0,164.0,174.56855,5.460082416960389
258,0.28698553948832034,159.5,176.125,161.5,171.5346,5.345851195085774
259,0.28809788654060065,156.0,173.0,158.5,168.3389,5.569167352486366
260,0.289210233592881,152.25,170.5,155.5,165.53705,5.414101956926928
261,0.2903225806451613,148.25,168.0,153.0,162.71815,5.338539126015656
262,0.2914349276974416,144.5,165.0,150.0,159.55870000000002,5.662375826453062
263,0.2925472747497219,141.0,162.0,147.0,156.4524,5.5
264,0.2936596218020022,137.25,159.5,144.5,153.68665,5.153882032022076
265,0.29477196885428253,133.25,157.0,141.75,150.84969999999998,5.460082416960389
266,0.29588431590656283,129.5,154.0,138.5,147.6722,5.798706752371601
267,0.29699666295884314,126.0,151.0,136.0,144.602,5.244044240850758
268,0.29810901001112344,122.25,148.5,133.25,141.8182,5.2796780204857185
269,0.2992213570634038,118.25,145.875,130.25,138.87380000000002,5.647178499038259
270,0.3003337041156841,114.5,143.0,127.5,135.8218,5.46723193215726
271,0.3014460511679644,111.0,140.0,125.0,132.7516,5.244044240850758
272,0.3025583982202447,107.25,137.5,121.75,129.93169999999998,5.5565276927232174
273,0.303670745272525,103.25,134.75,119.0,126.91595000000001,5.578978401105349
274,0.3047830923248053,99.5,132.0,116.5,123.97139999999999,5.2796780204857185
275,0.30589543937708563,96.0,129.0,113.5,120.86509999999998,5.5
276,0.30700778642936594,92.25,126.5,110.5,118.06325,5.414101956926928
277,0.3081201334816463,88.25,123.75,108.0,115.06555,5.460082416960389
278,0.3092324805339266,84.5,120.875,105.0,111.9955,5.5971532943095275
279,0.3103448275862069,81.0,118.0,102.0,108.9786,5.4328284530251825
280,0.3114571746384872,77.5,115.5,99.5,106.26599999999999,4.9749371855331
281,0.3125695216907675,75.75,113.75,98.0,104.53405,2.8939592256975564
282,0.3136818687430478,73.5,111.5,96.5,102.3382,3.517811819867572
283,0.3147942157953281,72.0,110.0,95.0,100.83819999999999,2.598076211353316
284,0.31590656284760843,70.125,108.125,93.25,98.972225,3.1770662567847086
285,0.3170189098998888,68.0,106.0,91.5,96.8743,3.477606935810889
286,0.3181312569521691,66.5,104.5,89.75,95.35625,2.75
287,0.3192436040044494,64.25,102.25,88.0,93.14235,3.6314597615834874
288,0.3203559510567297,62.5,100.5,86.5,91.4104,2.8939592256975564
289,0.32146829810901,58.125,106.9775641025641,87.5,95.18522884615383,7.880321167492292
290,0.3225806451612903,49.28525641025641,129.47435897435898,94.1025641025641,109.87231217948718,25.05674956901827
291,0.3236929922135706,47.55448717948718,130.15705128205127,93.52884615384616,109.95118974358972,1.9469933748836563
292,0.3248053392658509,47.31089743589744,122.3173076923077,90.11217948717949,104.0457346153846,8.555379981463053
293,0.3259176863181313,46.78846153846154,117.11538461538461,87.28205128205128,100.0099141025641,5.944961616580609
294,0.3270300333704116,44.53525641025641,119.63141025641026,87.1474358974359,101.32062499999999,3.380153794998621
295,0.3281423804226919,41.86538461538461,121.41025641025641,87.1923076923077,102.02848076923077,3.2085078335700206
296,0.3292547274749722,41.48397435897436,115.85576923076923,84.36538461538461,97.77071987179487,6.244140909174189
297,0.3303670745272525,39.73076923076923,114.82051282051282,83.39423076923077,96.58745576923077,2.2557978299132055
298,0.3314794215795328,37.868589743589745,114.53846153846153,82.68910256410257,95.93892307692306,2.011087057749157
299,0.3325917686318131,35.47115384615385,120.56410256410257,84.16025641025641,99.84498397435897,6.64983776428086
300,0.3337041156840934,34.31730769230769,115.38782051282051,81.54166666666667,95.70853717948718,5.914581055865556
301,0.3348164627363737,37.82371794871795,77.08653846153847,65.77884615384616,67.92284743589744,41.566207791636636
302,0.3359288097886541,36.0,74.0,63.625,65.17212500000001,4.182310376510829
303,0.3370411568409344,34.0,72.0,62.0,63.1992,3.261997087674972
304,0.3381535038932147,32.5,70.5,60.5,61.6992,2.598076211353316
305,0.339265850945495,30.25,68.25,59.0,59.50335,3.517811819867572
306,0.3403781979977753,28.5,66.5,57.5,57.77139999999999,2.8939592256975564
307,0.3414905450500556,26.75,64.75,56.0,56.039449999999995,2.8939592256975564
308,0.3426028921023359,24.5,62.5,54.25,53.82554999999999,3.6314597615834874
309,0.3437152391546162,23.0,61.0,52.25,52.289449999999995,2.9154759474226504
310,0.3448275862068966,21.0,59.0,50.5,50.30749999999999,3.3260336739125176
311,0.3459399332591769,20.0,58.0,50.0,49.3436,1.5
312,0.3470522803114572,20.0,58.0,50.0,49.3436,0.0
313,0.3481646273637375,20.0,58.0,50.0,49.3436,0.0
314,0.3492769744160178,20.0,58.0,50.0,49.3436,0.0
315,0.3503893214682981,20.0,58.0,50.0,49.3436,0.0
316,0.3515016685205784,20.0,58.0,50.0,49.3436,0.0
317,0.3526140155728587,20.0,58.0,50.0,49.3436,0.0
318,0.35372636262513907,20.0,58.0,50.0,49.3436,0.0
319,0.3548387096774194,20.0,58.0,50.0,49.3436,0.0
320,0.3559510567296997,20.0,58.0,50.0,49.3436,0.0
321,0.35706340378198,20.0,58.0,50.0,49.3436,0.0
322,0.3581757508342603,20.0,58.0,50.0,49.3436,0.0
323,0.3592880978865406,20.0,58.0,50.0,49.3436,0.0
324,0.3604004449388209,20.0,58.0,50.0,49.3436,0.0
325,0.3615127919911012,20.0,58.0,50.0,49.3436,0.0
326,0.36262513904338156,20.0,58.0,50.0,49.3436,0.0
327,0.36373748609566187,20.0,58.0,50.0,49.3436,0.0
328,0.36484983314794217,20.0,58.0,50.0,49.3436,0.0
329,0.3659621802002225,20.0,58.0,50.0,49.3436,0.0
330,0.3670745272525028,20.0,58.0,50.0,49.3436,0.0
331,0.3681868743047831,20.0,58.0,50.0,49.3436,0.0
332,0.3692992213570634,20.0,58.0,50.0,49.3436,0.0
333,0.3704115684093437,20.0,58.0,50.0,49.3436,0.0
334,0.371523915461624,20.0,58.0,50.0,49.3436,0.0
335,0.37263626251390436,20.0,58.0,50.0,49.3436,0.0
336,0.37374860956618466,20.0,58.0,50.0,49.3436,0.0
337,0.37486095661846497,20.0,58.0,50.0,49.3436,0.0
338,0.3759733036707453,20.0,58.0,50.0,49.3436,0.0
339,0.3770856507230256,20.0,58.0,50.0,49.3436,0.0
340,0.3781979977753059,20.0,58.0,50.0,49.3436,0.0
341,0.3793103448275862,20.0,58.0,50.0,49.3436,0.0
342,0.3804226918798665,20.0,58.0,50.0,49.3436,0.0
343,0.38153503893214685,20.0,58.0,50.0,49.3436,0.0
344,0.38264738598442716,20.0,58.0,50.0,49.3436,0.0
345,0.38375973303670746,20.0,58.0,50.0,49.3436,0.0
346,0.38487208008898777,20.0,58.0,50.0,49.3436,0.0
347,0.38598442714126807,20.0,58.0,50.0,49.3436,0.0
348,0.3870967741935484,20.0,58.0,50.0,49.3436,0.0
349,0.3882091212458287,20.0,58.0,50.0,49.3436,0.0
350,0.389321468298109,20.0,58.0,50.0,49.3436,0.0
351,0.39043381535038935,20.0,58.0,50.0,49.3436,0.0
352,0.39154616240266965,20.0,58.0,50.0,49.3436,0.0
353,0.39265850945494996,20.0,58.0,50.0,49.3436,0.0
354,0.39377085650723026,20.0,58.0,50.0,49.3436,0.0
355,0.39488320355951056,20.0,58.0,50.0,49.3436,0.0
356,0.39599555061179087,34.26923076923077,69.96794871794872,62.43910256410256,61.834818589743584,22.39584818356463
357,0.3971078976640712,36.20192307692308,71.58653846153847,64.14423076923077,63.526434615384616,3.0434510855590786
358,0.3982202447163515,36.041666666666664,71.44871794871794,64.0,63.383381410256405,0.2558888930283726
359,0.39933259176863184,36.02564102564103,71.43910256410257,63.98076923076923,63.371708974358974,0.026816026491467023
360,0.40044493882091214,36.28846153846154,71.66346153846153,64.22115384615384,63.60540192307692,0.4209469499215401
361,0.40155728587319245,36.49679487179487,71.83653846153847,64.40384615384616,63.78666858974359,0.3267030430980103
362,0.40266963292547275,36.70192307692308,72.00961538461539,64.57371794871794,63.96632820512821,0.31763127763785515
363,0.40378197997775306,44.80128205128205,78.80448717948718,71.64102564102564,71.05820384615384,12.716789552478447
364,0.40489432703003336,105.53205128205128,129.69871794871796,124.57371794871794,124.19085961538462,95.29070768912094
365,0.40600667408231367,120.87179487179488,142.58333333333334,138.00320512820514,137.636775,24.117880771588496
366,0.407119021134594,104.40064102564102,128.80128205128204,123.67307692307692,123.24344935897433,25.818528636236653
367,0.4082313681868743,81.49038461538461,109.5673076923077,103.65064102564102,103.17097051282052,35.99616031873827
368,0.40934371523915464,77.1025641025641,105.90384615384616,99.84615384615384,99.3433282051282,6.8664431837304045
369,0.41045606229143494,74.44551282051282,103.65705128205128,97.51282051282051,97.00306474358975,4.189564793128106
370,0.41156840934371525,67.8173076923077,98.12179487179488,91.73076923076923,91.21762884615384,10.392510946692347
371,0.41268075639599555,74.50320512820512,103.72115384615384,97.57051282051282,97.06534166666665,10.495553851085013
372,0.41379310344827586,82.17307692307692,110.15064102564102,104.26602564102564,103.77774166666666,12.041392389197
373,0.41490545050055616,84.33653846153847,111.9551282051282,106.13461538461539,105.663175,3.3805868483422854
374,0.41601779755283647,74.30448717948718,103.54166666666667,97.38782051282051,96.88153461538461,15.745945780236113
375,0.41713014460511677,73.78525641025641,103.11538461538461,96.9423076923077,96.4341032051282,0.8061008945550837
376,0.41824249165739713,73.94551282051282,103.25,97.08333333333333,96.57463269230769,0.2523720472439653
377,0.41935483870967744,75.67948717948718,104.7051282051282,98.60576923076923,98.0939032051282,2.727980247865009
378,0.42046718576195774,78.40064102564102,106.97435897435898,100.96474358974359,100.46569230769231,4.256623845814901
379,0.42157953281423804,83.3525641025641,111.15064102564102,105.29166666666667,104.81775192307691,7.790066575147699
380,0.42269187986651835,99.09615384615384,124.33653846153847,119.00641025641026,118.58559743589743,24.694588494989823
381,0.42380422691879865,115.00961538461539,137.65384615384616,132.8846153846154,132.49534423076923,24.963844253003813
382,0.42491657397107896,99.8173076923077,124.95192307692308,119.65064102564102,119.22555128205128,23.817706442976696
383,0.42602892102335926,36.14423076923077,71.56410256410257,64.08653846153847,63.493957692307696,99.95943976291242
384,0.4271412680756396,22.483974358974358,60.08653846153846,52.169871794871796,51.520649999999996,21.455629269887755
385,0.42825361512791993,22.483974358974358,60.08653846153846,52.169871794871796,51.520649999999996,0.0
386,0.42936596218020023,22.483974358974358,60.08653846153846,52.169871794871796,51.520649999999996,0.0
387,0.43047830923248054,22.483974358974358,60.08653846153846,52.169871794871796,51.520649999999996,0.0
388,0.43159065628476084,22.483974358974358,60.08653846153846,52.169871794871796,51.520649999999996,0.0
389,0.43270300333704115,22.483974358974358,60.08653846153846,52.169871794871796,51.520649999999996,0.0
390,0.43381535038932145,22.025641025641026,59.69551282051282,51.76923076923077,51.11462051282051,0.7235217535158521
391,0.43492769744160176,20.0,58.0,50.0,49.3436,3.1793337044223975
392,0.4360400444938821,20.0,58.0,50.0,49.3436,0.0
393,0.4371523915461624,20.0,58.0,50.0,49.3436,0.0
394,0.4382647385984427,20.0,58.0,50.0,49.3436,0.0
395,0.43937708565072303,20.0,58.0,50.0,49.3436,0.0
396,0.44048943270300334,20.0,58.0,50.0,49.3436,0.0
397,0.44160177975528364,24.275641025641026,61.580128205128204,53.7275641025641,53.082239102564095,6.707693961714686
398,0.44271412680756395,24.852564102564102,62.07051282051282,54.23397435897436,53.592178846153836,0.9109163822710655
399,0.44382647385984425,24.852564102564102,62.07051282051282,54.23397435897436,53.592178846153836,0.0
400,0.44493882091212456,25.621794871794872,62.717948717948715,54.907051282051285,54.26735961538461,1.209926345691626
401,0.4460511679644049,27.121794871794872,63.97435897435897,56.21153846153846,55.5790282051282,2.3516491094249776
402,0.4471635150166852,27.17948717948718,64.0224358974359,56.26602564102564,55.629612179487175,0.09278278734699102
403,0.4482758620689655,27.21474358974359,64.05128205128206,56.29807692307692,55.66005256410256,0.055699189733921226
404,0.44938820912124583,40.830128205128204,75.47115384615384,68.16346153846153,67.5788564102564,21.367721500131122
405,0.45050055617352613,113.34615384615384,136.26923076923077,131.42307692307693,131.0458923076923,113.82776054602733
406,0.45161290322580644,138.19871794871796,157.10897435897436,153.10576923076923,152.79962243589742,39.01389497433416
407,0.45272525027808674,121.8173076923077,143.38782051282053,138.81730769230768,138.47193846153846,25.705656925951935
408,0.45383759733036705,96.5576923076923,122.20833333333333,116.78846153846153,116.36369230769229,39.64705423401067
409,0.4549499443826474,88.8173076923077,115.69871794871794,110.03846153846153,109.57505961538459,12.15940567830945
410,0.4560622914349277,82.79166666666667,110.66025641025641,104.77564102564102,104.310525,9.45471967826697
411,0.457174638487208,76.46474358974359,105.36858974358974,99.2724358974359,98.78348974358974,9.915490830791795
412,0.4582869855394883,86.07692307692308,113.38461538461539,107.63782051282051,107.16408141025641,15.054245957026488
413,0.4593993325917686,103.41666666666667,127.92948717948718,122.77564102564102,122.34595384615383,27.22817682412248
414,0.46051167964404893,105.05448717948718,129.31089743589743,124.19551282051282,123.78465384615384,2.5703669470726402
415,0.46162402669632924,83.36858974358974,111.10897435897436,105.27884615384616,104.79043333333333,34.05038074788981
416,0.46273637374860954,73.30128205128206,102.68589743589743,96.49679487179488,95.991875,15.79314198455289
417,0.4638487208008899,73.90384615384616,103.21153846153847,97.02884615384616,96.53433269230769,0.9604480997265068
418,0.4649610678531702,82.78525641025641,110.66346153846153,104.7948717948718,104.31284294871794,13.954273895266471
419,0.4660734149054505,88.23717948717949,115.21474358974359,109.53205128205128,109.06902307692307,8.536890712710498
420,0.4671857619577308,96.78525641025641,122.39102564102564,116.98717948717949,116.5570814102564,13.421906709454179
421,0.4682981090100111,115.63141025641026,138.17948717948718,133.42948717948718,133.04281602564103,29.577060617865662
422,0.4694104560622914,137.5448717948718,156.54166666666666,152.52884615384616,152.21322243589742,34.38248020938069
423,0.47052280311457173,116.04166666666667,138.5448717948718,133.81089743589743,133.41889743589743,33.714003924940265
424,0.47163515016685204,50.3525641025641,83.48397435897436,76.48076923076923,75.93460512820512,103.11888392598148
425,0.4727474972191324,26.993589743589745,63.86538461538461,56.1025641025641,55.46596538461538,36.685173992741426
426,0.4738598442714127,26.891025641025642,63.782051282051285,56.01282051282051,55.37808076923076,0.15974276659457648
427,0.474972191323693,26.875,63.76282051282051,55.99679487179487,55.35976282051281,0.029723136203516073
428,0.4760845383759733,26.352564102564102,63.330128205128204,55.541666666666664,54.90637115384615,0.8168865179258172
429,0.4771968854282536,24.852564102564102,62.07051282051282,54.23397435897436,53.592178846153836,2.3551412035709025
430,0.4783092324805339,24.852564102564102,62.07051282051282,54.23397435897436,53.592178846153836,0.0
431,0.4794215795328142,23.96153846153846,61.31730769230769,53.46153846153846,52.808284615384615,1.3992504685606704
432,0.48053392658509453,20.0,58.0,50.0,49.3436,6.219370211556983
433,0.48164627363737483,20.0,58.0,50.0,49.3436,0.0
434,0.4827586206896552,20.0,58.0,50.0,49.3436,0.0
435,0.4838709677419355,20.0,58.0,50.0,49.3436,0.0
436,0.4849833147942158,20.0,58.0,50.0,49.3436,0.0
437,0.4860956618464961,20.0,58.0,50.0,49.3436,0.0
438,0.4872080088987764,32.032051282051285,68.08653846153847,60.48397435897436,59.87244935897436,18.87914814152478
439,0.4883203559510567,33.78846153846154,69.56089743589743,62.02564102564103,61.41163205128204,2.763231348477192
440,0.489432703003337,33.61217948717949,69.40705128205128,61.87179487179487,61.25301602564102,0.2800225700023415
441,0.4905450500556173,32.82692307692308,68.75641025641026,61.18589743589744,60.571210256410254,1.228990100312713
442,0.4916573971078977,31.60576923076923,67.73076923076923,60.125,59.50145769230768,1.9153745322907727
443,0.492769744160178,31.733974358974358,67.83653846153847,60.23717948717949,59.612459615384616,0.20051913230278864
444,0.4938820912124583,31.900641025641026,67.9775641025641,60.37820512820513,59.75893653846153,0.2599119863168354
445,0.4949944382647386,41.75961538461539,76.24679487179488,68.98076923076923,68.39021346153847,15.478490303141042
446,0.4961067853170189,110.00641025641026,133.45833333333334,128.5,128.1144628205128,107.11360312663322
447,0.4972191323692992,128.81410256410257,149.25641025641025,144.91346153846155,144.59681474358973,29.541669622464468
448,0.4983314794215795,113.63141025641026,136.51923076923077,131.68589743589743,131.30431346153847,23.826840728181477
449,0.4994438264738598,89.79166666666667,116.53205128205128,110.87820512820512,110.43883782051282,37.42700599098259
450,0.5005561735261401,83.6826923076923,111.3974358974359,105.5576923076923,105.08365192307691,9.59123034546541
451,0.5016685205784205,80.09935897435898,108.43910256410257,102.47435897435898,101.9834185897436,5.576644002743338
452,0.5027808676307007,77.27564102564102,106.03525641025641,99.9775641025641,99.48359679487179,4.4705529878410015
453,0.5038932146829811,87.21474358974359,114.33653846153847,108.63141025641026,108.15853461538462,15.575175656445287
454,0.5050055617352615,106.70833333333333,130.70192307692307,125.65064102564102,125.23618333333332,30.618296338581366
455,0.5061179087875417,107.45833333333333,131.32692307692307,126.3173076923077,125.89076666666665,1.1821884132592617
456,0.5072302558398221,83.47115384615384,111.17948717948718,105.36217948717949,104.8686858974359,37.68847769656944
457,0.5083426028921023,70.19551282051282,100.09294871794872,93.78525641025641,93.28133846153845,20.81295576389497
458,0.5094549499443827,70.32051282051282,100.1923076923077,93.90705128205128,93.38776858974359,0.20082628458744708
459,0.5105672969966629,79.82692307692308,108.20833333333333,102.24038461538461,101.7435596153846,14.969066353156666
460,0.5116796440489433,83.80448717948718,111.49038461538461,105.65384615384616,105.18296474358974,6.184221574505341
461,0.5127919911012235,91.22435897435898,117.74358974358974,112.14102564102564,111.70109615384614,11.672213565842043
462,0.5139043381535039,107.60576923076923,131.47435897435898,126.45192307692308,126.03727692307692,25.723265948907777
463,0.5150166852057843,125.76282051282051,146.68910256410257,142.26282051282053,141.92059743589743,28.480719995975388
464,0.5161290322580645,106.24358974358974,130.31089743589743,125.24358974358974,124.8283282051282,30.641478244699332
465,0.5172413793103449,41.62179487179487,76.14102564102564,68.86217948717949,68.27670448717947,101.43576689327499
466,0.5183537263626251,22.51923076923077,60.11217948717949,52.19871794871795,51.548566666666666,29.991712434604764
467,0.5194660734149055,22.51923076923077,60.11217948717949,52.19871794871795,51.548566666666666,0.0
468,0.5205784204671857,22.51923076923077,60.11217948717949,52.19871794871795,51.548566666666666,0.0
469,0.5216907675194661,22.746794871794872,60.30128205128205,52.39423076923077,51.746308974358975,0.3546413167001923
470,0.5228031145717463,24.849358974358974,62.06730769230769,54.23717948717949,53.58943653846154,3.306974802918834
471,0.5239154616240267,24.73076923076923,61.96474358974359,54.125,53.48277115384615,0.1927878620746497
472,0.525027808676307,23.16025641025641,60.6474358974359,52.75961538461539,52.108160897435894,2.4629423914369464
473,0.5261401557285873,20.0,58.0,50.0,49.3436,4.96100942153962
474,0.5272525027808677,20.0,58.0,50.0,49.3436,0.0
475,0.5283648498331479,20.0,58.0,50.0,49.3436,0.0
476,0.5294771968854283,20.0,58.0,50.0,49.3436,0.0
477,0.5305895439377085,20.0,58.0,50.0,49.3436,0.0
478,0.5317018909899889,20.0,58.0,50.0,49.3436,0.0
479,0.5328142380422692,20.0,58.0,50.0,49.3436,0.0
480,0.5339265850945495,20.0,58.0,50.0,49.3436,0.0
481,0.5350389321468298,20.0,58.0,50.0,49.3436,0.0
482,0.5361512791991101,20.0,58.0,50.0,49.3436,0.0
483,0.5372636262513905,20.0,58.0,50.0,49.3436,0.0
484,0.5383759733036707,20.0,58.0,50.0,49.3436,0.0
485,0.5394883203559511,20.0,58.0,50.0,49.3436,0.0
486,0.5406006674082313,20.0,58.0,50.0,49.3436,0.0
487,0.5417130144605117,20.0,58.0,50.0,49.3436,0.0
488,0.542825361512792,20.0,58.0,50.0,49.3436,0.0
489,0.5439377085650723,20.0,58.0,50.0,49.3436,0.0
490,0.5450500556173526,20.0,58.0,50.0,49.3436,0.0
491,0.5461624026696329,20.0,58.0,50.0,49.3436,0.0
492,0.5472747497219133,20.0,58.0,50.0,49.3436,0.0
493,0.5483870967741935,20.0,58.0,50.0,49.3436,0.0
494,0.5494994438264739,20.0,58.0,50.0,49.3436,0.0
495,0.5506117908787542,20.0,58.0,50.0,49.3436,0.0
496,0.5517241379310345,20.0,58.0,50.0,49.3436,0.0
497,0.5528364849833148,20.0,58.0,50.0,49.3436,0.0
498,0.5539488320355951,20.0,58.0,50.0,49.3436,0.0
499,0.5550611790878754,20.0,58.0,50.0,49.3436,0.0
500,0.5561735261401557,20.0,58.0,50.0,49.3436,0.0
501,0.557285873192436,20.0,58.0,50.0,49.3436,0.0
502,0.5583982202447163,20.0,58.0,50.0,49.3436,0.0
503,0.5595105672969967,26.243589743589745,63.22435897435897,55.44230769230769,54.80038333333333,9.792601931916545
504,0.560622914349277,33.16025641025641,69.03205128205128,61.47435897435897,60.860042307692304,10.860718686528193
505,0.5617352614015573,32.75,68.70192307692308,61.12179487179487,60.51125897435898,0.6337163406402547
506,0.5628476084538376,43.541666666666664,77.75641025641026,70.49038461538461,69.95774871794872,16.91786869885321
507,0.5639599555061179,126.98076923076923,147.58333333333334,143.3653846153846,142.8986923076923,130.95284894989248
508,0.5650723025583982,101.72435897435898,126.4775641025641,121.24679487179488,120.83737115384616,39.65566499389241
509,0.5661846496106785,88.11217948717949,115.09935897435898,109.41666666666667,108.95159423076923,21.32385789861847
510,0.5672969966629589,106.52564102564102,130.5,125.47435897435898,125.0402,28.880526173835204
511,0.5684093437152391,97.1923076923077,122.7051282051282,117.32051282051282,116.89233333333333,14.64091337691029
512,0.5695216907675195,88.04807692307692,115.01602564102564,109.32371794871794,108.87165512820512,14.376647134286921
513,0.5706340378197998,102.0673076923077,126.77884615384616,121.5673076923077,121.1489,22.018362055046563
514,0.5717463848720801,114.90705128205128,137.5096153846154,132.81089743589743,132.3650628205128,20.160028126382702
515,0.5728587319243604,38.294871794871796,73.3301282051282,65.94551282051282,65.34846346153846,120.24729635281236
516,0.5739710789766407,31.262820512820515,67.42307692307692,59.82371794871795,59.18673269230769,11.037181367292861
517,0.575083426028921,37.73076923076923,72.875,65.47115384615384,64.86877884615384,10.171104073322052
518,0.5761957730812013,31.78846153846154,67.89102564102564,60.291666666666664,59.66694679487179,9.326205475081766
519,0.5773081201334817,20.0,58.0,50.0,49.3436,18.512660977098655
520,0.578420467185762,20.0,58.0,50.0,49.3436,0.0
521,0.5795328142380423,20.0,58.0,50.0,49.3436,0.0
522,0.5806451612903226,20.0,58.0,50.0,49.3436,0.0
523,0.5817575083426029,20.0,58.0,50.0,49.3436,0.0
524,0.5828698553948832,20.0,58.0,50.0,49.3436,0.0
525,0.5839822024471635,20.0,58.0,50.0,49.3436,0.0
526,0.5850945494994438,20.0,58.0,50.0,49.3436,0.0
527,0.5862068965517241,20.0,58.0,50.0,49.3436,0.0
528,0.5873192436040044,20.0,58.0,50.0,49.3436,0.0
529,0.5884315906562848,24.503205128205128,61.76923076923077,53.919871794871796,53.27975,7.060548980542543
530,0.5895439377085651,32.541666666666664,68.49358974358974,60.93269230769231,60.30431410256409,12.610056267376589
531,0.5906562847608454,33.39102564102564,69.23717948717949,61.68269230769231,61.07085320512821,1.3552993669651026
532,0.5917686318131257,42.791666666666664,77.13141025641026,69.8525641025641,69.30524807692308,14.745770114696507
533,0.592880978865406,108.02884615384616,131.73397435897436,126.84294871794872,126.34113205128206,102.39742932626075
534,0.5939933259176863,90.8525641025641,117.375,111.78846153846153,111.33298205128204,26.978554334586228
535,0.5951056729699666,77.2724358974359,106.00320512820512,99.96474358974359,99.45906666666666,21.29642943793005
536,0.5962180200222469,82.96153846153847,110.76923076923077,104.91666666666667,104.43476025641026,8.922019421384137
537,0.5973303670745272,74.375,103.5673076923077,97.3974358974359,96.91555833333332,13.495746371295787
538,0.5984427141268076,74.67948717948718,103.8301282051282,97.6826923076923,97.18885705128206,0.4931108232676186
539,0.5995550611790879,86.64423076923077,113.86858974358974,108.11858974358974,107.665541025641,18.783869529999734
540,0.6006674082313682,94.38141025641026,120.30448717948718,114.90705128205128,114.40354615384616,12.139519441946376
541,0.6017797552836485,31.006410256410255,67.23397435897436,59.58974358974359,58.98008076923077,99.4629302120024
542,0.6028921023359288,24.310897435897434,61.61538461538461,53.76602564102564,53.117726923076916,10.503053526600876
543,0.6040044493882091,23.419871794871796,60.86217948717949,52.98397435897436,52.33313846153846,1.4045813845689774
544,0.6051167964404894,22.71153846153846,60.2724358974359,52.368589743589745,51.7163314102564,1.1082562147837656
545,0.6062291434927698,20.0,58.0,50.0,49.3436,4.257537211792304
546,0.60734149054505,20.0,58.0,50.0,49.3436,0.0
547,0.6084538375973304,20.0,58.0,50.0,49.3436,0.0
548,0.6095661846496107,20.0,58.0,50.0,49.3436,0.0
549,0.610678531701891,20.0,58.0,50.0,49.3436,0.0
550,0.6117908787541713,20.0,58.0,50.0,49.3436,0.0
551,0.6129032258064516,20.0,58.0,50.0,49.3436,0.0
552,0.6140155728587319,20.0,58.0,50.0,49.3436,0.0
553,0.6151279199110122,20.0,58.0,50.0,49.3436,0.0
554,0.6162402669632926,20.0,58.0,50.0,49.3436,0.0
555,0.6173526140155728,20.0,58.0,50.0,49.3436,0.0
556,0.6184649610678532,27.256410256410255,64.07692307692308,56.32371794871795,55.68910064102564,11.383052867623595
557,0.6195773081201335,29.653846153846153,66.09294871794872,58.42307692307692,57.79223076923076,3.770857511337261
558,0.6206896551724138,29.724358974358974,66.15705128205128,58.48397435897436,57.857464743589745,0.11309153054088482
559,0.6218020022246941,41.13461538461539,75.72115384615384,68.4198717948718,67.8409032051282,17.89938733759186
560,0.6229143492769744,116.42628205128206,138.76923076923077,134.16666666666666,133.68681474358974,118.18010030904756
561,0.6240266963292548,98.24038461538461,123.56410256410257,118.21794871794872,117.79428782051282,28.57069116229295
562,0.625139043381535,80.64102564102564,108.79807692307692,102.89102564102564,102.3853987179487,27.616797796734037
563,0.6262513904338154,89.00961538461539,115.82692307692308,110.19551282051282,109.71897564102564,13.145094351363408
564,0.6273637374860956,80.34294871794872,108.57371794871794,102.61858974358974,102.14189615384615,13.606243385172192
565,0.628476084538376,81.4551282051282,109.49358974358974,103.6025641025641,103.10728076923075,1.7468007527541607
566,0.6295884315906563,95.92948717948718,121.65064102564102,116.23717948717949,115.7914717948718,22.736192942315363
567,0.6307007786429366,105.74358974358974,129.81730769230768,124.80448717948718,124.3373096153846,15.375624041899671
568,0.6318131256952169,31.862179487179485,67.95192307692308,60.342948717948715,59.72987564102564,115.93566550425227
569,0.6329254727474972,23.46794871794872,60.90384615384615,53.02564102564103,52.37616794871795,13.178827352409444
570,0.6340378197997776,22.59294871794872,60.17307692307692,52.26282051282051,51.61242115384614,1.371693771735811
571,0.6351501668520578,22.108974358974358,59.76602564102564,51.83653846153846,51.187627564102556,0.7626521576770539
572,0.6362625139043382,20.0,58.0,50.0,49.3436,3.3074904281466013
573,0.6373748609566184,20.0,58.0,50.0,49.3436,0.0
574,0.6384872080088988,20.0,58.0,50.0,49.3436,0.0
575,0.639599555061179,20.0,58.0,50.0,49.3436,0.0
576,0.6407119021134594,20.0,58.0,50.0,49.3436,0.0
577,0.6418242491657397,20.0,58.0,50.0,49.3436,0.0
578,0.64293659621802,20.0,58.0,50.0,49.3436,0.0
579,0.6440489432703004,20.0,58.0,50.0,49.3436,0.0
580,0.6451612903225806,20.0,58.0,50.0,49.3436,0.0
581,0.646273637374861,20.0,58.0,50.0,49.3436,0.0
582,0.6473859844271412,28.391025641025642,65.0224358974359,57.31089743589744,56.677825,13.159526532522278
583,0.6484983314794216,30.939102564102566,67.17307692307692,59.541666666666664,58.91874615384614,4.011768212152112
584,0.6496106785317018,31.971153846153847,68.04166666666667,60.44551282051282,59.82463333333334,1.6237351573688017
585,0.6507230255839822,43.50961538461539,77.72115384615384,70.49038461538461,69.92571923076922,18.103259819928113
586,0.6518353726362626,126.19551282051282,146.98397435897436,142.68589743589743,142.25402628205126,129.7940214786019
587,0.6529477196885428,108.11858974358974,131.82371794871796,126.83653846153847,126.42393333333334,28.42201087628755
588,0.6540600667408232,90.32051282051282,116.92948717948718,111.33653846153847,110.86860833333333,27.90805712275335
589,0.6551724137931034,102.28205128205128,126.9423076923077,121.75641025641026,121.32511538461539,18.759229867198385
590,0.6562847608453838,91.35576923076923,117.78525641025641,112.19551282051282,111.76276794871795,17.165255239175323
591,0.657397107897664,89.75320512820512,116.44551282051282,110.82051282051282,110.3646032051282,2.5007498053756056
592,0.6585094549499444,103.35897435897436,127.86538461538461,122.70192307692308,122.28251987179486,21.370501581698694
593,0.6596218020022246,111.5673076923077,134.70833333333334,129.90064102564102,129.4414358974359,12.885038741609629
594,0.660734149054505,30.352564102564102,66.6923076923077,59.02564102564103,58.41294487179487,127.45697291772018
595,0.6618464961067854,22.233974358974358,59.87179487179487,51.94871794871795,51.29794807692307,12.748087495627995
596,0.6629588431590656,22.233974358974358,59.87179487179487,51.94871794871795,51.29794807692307,0.0
597,0.664071190211346,21.817307692307693,59.5224358974359,51.583333333333336,50.93312243589743,0.6551097016805834
598,0.6651835372636262,20.0,58.0,50.0,49.3436,2.8508529872244575
599,0.6662958843159066,20.0,58.0,50.0,49.3436,0.0
600,0.6674082313681868,20.0,58.0,50.0,49.3436,0.0
601,0.6685205784204672,20.0,58.0,50.0,49.3436,0.0
602,0.6696329254727474,20.0,58.0,50.0,49.3436,0.0
603,0.6707452725250278,20.0,58.0,50.0,49.3436,0.0
604,0.6718576195773082,20.0,58.0,50.0,49.3436,0.0
605,0.6729699666295884,20.0,58.0,50.0,49.3436,0.0
606,0.6740823136818688,20.0,58.0,50.0,49.3436,0.0
607,0.675194660734149,20.0,58.0,50.0,49.3436,0.0
608,0.6763070077864294,20.0,58.0,50.0,49.3436,0.0
609,0.6774193548387096,27.006410256410255,63.868589743589745,56.10897435897436,55.47144615384615,10.993165967013494
610,0.67853170189099,30.487179487179485,66.7948717948718,59.15064102564103,58.523942948717945,5.470888153913991
611,0.6796440489432704,28.44871794871795,65.08333333333333,57.36538461538461,56.7375782051282,3.204969547355179
612,0.6807563959955506,37.13461538461539,72.36538461538461,64.9198717948718,64.33775705128204,13.62143023644693
613,0.681868743047831,102.15384615384616,126.8301282051282,121.70192307692308,121.21369423076922,102.06914328981361
614,0.6829810901001112,85.29166666666667,112.70833333333333,106.92628205128206,106.4620858974359,26.496749898384046
615,0.6840934371523916,71.06410256410257,100.78205128205128,94.51602564102564,94.01160833333334,22.331015382817093
616,0.6852057842046718,81.0673076923077,109.15064102564102,103.25641025641026,102.75456089743588,15.700055106856055
617,0.6863181312569522,76.27564102564102,105.17307692307692,99.07371794871794,98.58910833333333,7.501733171426425
618,0.6874304783092324,72.32051282051282,101.82371794871794,95.63782051282051,95.10471474358972,6.218250223987952
619,0.6885428253615128,83.65705128205128,111.34935897435898,105.51282051282051,105.04057628205128,17.79804950659809
620,0.6896551724137931,92.38782051282051,118.65384615384616,113.17628205128206,112.67420897435898,13.722627556984804
621,0.6907675194660734,33.955128205128204,69.71153846153847,62.166666666666664,61.5649858974359,91.71537425241395
622,0.6918798665183538,27.951923076923077,64.65705128205128,56.93910256410256,56.29630512820513,9.429408194861725
623,0.692992213570634,30.483974358974358,66.80448717948718,59.15064102564103,58.53013846153846,3.989193777619456
624,0.6941045606229144,27.487179487179485,64.27884615384616,56.532051282051285,55.89761923076923,4.713454607742657
625,0.6952169076751946,20.0,58.0,50.0,49.3436,11.753699828065109
626,0.696329254727475,20.0,58.0,50.0,49.3436,0.0
627,0.6974416017797553,20.0,58.0,50.0,49.3436,0.0
628,0.6985539488320356,20.0,58.0,50.0,49.3436,0.0
629,0.699666295884316,20.0,58.0,50.0,49.3436,0.0
630,0.7007786429365962,20.0,58.0,50.0,49.3436,0.0
631,0.7018909899888766,20.0,58.0,50.0,49.3436,0.0
632,0.7030033370411568,20.0,58.0,50.0,49.3436,0.0
633,0.7041156840934372,20.0,58.0,50.0,49.3436,0.0
634,0.7052280311457174,20.0,58.0,50.0,49.3436,0.0
635,0.7063403781979978,20.0,58.0,50.0,49.3436,0.0
636,0.7074527252502781,20.0,58.0,50.0,49.3436,0.0
637,0.7085650723025584,20.0,58.0,50.0,49.3436,0.0
638,0.7096774193548387,20.0,58.0,50.0,49.3436,0.0
639,0.710789766407119,20.0,58.0,50.0,49.3436,0.0
640,0.7119021134593994,20.0,58.0,50.0,49.3436,0.0
641,0.7130144605116796,20.0,58.0,50.0,49.3436,0.0
642,0.71412680756396,20.0,58.0,50.0,49.3436,0.0
643,0.7152391546162402,20.0,58.0,50.0,49.3436,0.0
644,0.7163515016685206,20.0,58.0,50.0,49.3436,0.0
645,0.7174638487208009,20.0,58.0,50.0,49.3436,0.0
646,0.7185761957730812,20.0,58.0,50.0,49.3436,0.0
647,0.7196885428253615,20.0,58.0,50.0,49.3436,0.0
648,0.7208008898776418,20.0,58.0,50.0,49.3436,0.0
649,0.7219132369299222,20.0,58.0,50.0,49.3436,0.0
650,0.7230255839822024,20.0,58.0,50.0,49.3436,0.0
651,0.7241379310344828,20.0,58.0,50.0,49.3436,0.0
652,0.7252502780867631,20.0,58.0,50.0,49.3436,0.0
653,0.7263626251390434,20.0,58.0,50.0,49.3436,0.0
654,0.7274749721913237,20.0,58.0,50.0,49.3436,0.0
655,0.728587319243604,20.0,58.0,50.0,49.3436,0.0
656,0.7296996662958843,20.0,58.0,50.0,49.3436,0.0
657,0.7308120133481646,20.0,58.0,50.0,49.3436,0.0
658,0.731924360400445,20.0,58.0,50.0,49.3436,0.0
659,0.7330367074527252,20.0,58.0,50.0,49.3436,0.0
660,0.7341490545050056,20.0,58.0,50.0,49.3436,0.0
661,0.7352614015572859,20.0,58.0,50.0,49.3436,0.0
662,0.7363737486095662,20.0,58.0,50.0,49.3436,0.0
663,0.7374860956618465,20.0,58.0,50.0,49.3436,0.0
664,0.7385984427141268,20.0,58.0,50.0,49.3436,0.0
665,0.7397107897664071,20.0,58.0,50.0,49.3436,0.0
666,0.7408231368186874,20.0,58.0,50.0,49.3436,0.0
667,0.7419354838709677,20.0,58.0,50.0,49.3436,0.0
668,0.743047830923248,20.0,58.0,50.0,49.3436,0.0
669,0.7441601779755284,20.0,58.0,50.0,49.3436,0.0
670,0.7452725250278087,20.0,58.0,50.0,49.3436,0.0
671,0.746384872080089,20.0,58.0,50.0,49.3436,0.0
672,0.7474972191323693,20.0,58.0,50.0,49.3436,0.0
673,0.7486095661846496,20.0,58.0,50.0,49.3436,0.0
674,0.7497219132369299,20.0,58.0,50.0,49.3436,0.0
675,0.7508342602892102,20.0,58.0,50.0,49.3436,0.0
676,0.7519466073414905,20.0,58.0,50.0,49.3436,0.0
677,0.7530589543937709,20.0,58.0,50.0,49.3436,0.0
678,0.7541713014460512,20.0,58.0,50.0,49.3436,0.0
679,0.7552836484983315,20.0,58.0,50.0,49.3436,0.0
680,0.7563959955506118,15.0,255.0,135.0,195.31199999999995,214.61360627881913
681,0.7575083426028921,15.0,255.0,135.0,195.31199999999995,0.0
682,0.7586206896551724,15.0,255.0,135.0,195.31199999999995,0.0
683,0.7597330367074527,15.0,255.0,135.0,195.31199999999995,0.0
684,0.760845383759733,15.0,255.0,135.0,195.31199999999995,0.0
685,0.7619577308120133,15.0,255.0,135.0,195.31199999999995,0.0
686,0.7630700778642937,15.0,255.0,135.0,195.31199999999995,0.0
687,0.764182424916574,15.0,255.0,135.0,195.31199999999995,0.0
688,0.7652947719688543,15.0,255.0,135.0,195.31199999999995,0.0
689,0.7664071190211346,15.0,255.0,135.0,195.31199999999995,0.0
690,0.7675194660734149,15.0,255.0,135.0,195.31199999999995,0.0
691,0.7686318131256952,15.0,255.0,135.0,195.31199999999995,0.0
692,0.7697441601779755,15.0,255.0,135.0,195.31199999999995,0.0
693,0.7708565072302559,15.0,255.0,135.0,195.31199999999995,0.0
694,0.7719688542825361,15.0,255.0,135.0,195.31199999999995,0.0
695,0.7730812013348165,15.0,255.0,135.0,195.31199999999995,0.0
696,0.7741935483870968,15.0,255.0,135.0,195.31199999999995,0.0
697,0.7753058954393771,15.0,255.0,135.0,195.31199999999995,0.0
698,0.7764182424916574,14.875,252.56410256410257,133.73397435897436,193.45186410256412,2.748097931651281
699,0.7775305895439377,14.657051282051283,245.02564102564102,130.02564102564102,187.74627884615384,8.404025233281413
700,0.778642936596218,14.685897435897436,246.42948717948718,130.71153846153845,188.8059641025641,1.5627128388898082
701,0.7797552836484983,14.682692307692308,248.1698717948718,131.51923076923077,190.10832115384613,1.918675518741928
702,0.7808676307007787,13.679487179487179,215.95833333333334,115.56410256410257,165.70538717948716,35.96047478316305
703,0.7819799777530589,13.602564102564102,215.65064102564102,115.37820512820512,165.45555,0.3676269476651352
704,0.7830923248053393,13.974358974358974,227.48397435897436,121.21794871794872,174.41942307692307,13.201083834232033
705,0.7842046718576196,13.878205128205128,223.05448717948718,119.0448717948718,171.0741153846154,4.934760941421676
706,0.7853170189098999,13.926282051282051,224.30769230769232,119.66346153846153,172.02529102564102,1.3983875552816605
707,0.7864293659621802,13.85576923076923,223.8653846153846,119.4423076923077,171.67799423076923,0.49951694285567455
708,0.7875417130144605,13.41025641025641,210.05769230769232,112.58653846153847,161.21303012820513,15.422464792720659
709,0.7886540600667408,13.560897435897436,213.00641025641025,114.08333333333333,163.46204807692308,3.3102907950705536
710,0.7897664071190211,14.820512820512821,252.44230769230768,133.64743589743588,193.34692435897435,44.040103844456425
711,0.7908787541713015,14.942307692307692,253.52564102564102,134.25641025641025,194.19158589743589,1.2487172905805777
712,0.7919911012235817,14.942307692307692,253.52564102564102,134.25641025641025,194.19158589743589,0.0
713,0.7931034482758621,14.967948717948717,254.10256410256412,134.55128205128204,194.6309423076923,0.648418903405236
714,0.7942157953281423,15.0,255.0,135.0,195.31199999999995,1.0038756258567745
715,0.7953281423804227,15.0,255.0,135.0,195.31199999999995,0.0
716,0.796440489432703,15.0,255.0,135.0,195.31199999999995,0.0
717,0.7975528364849833,15.0,255.0,135.0,195.31199999999995,0.0
718,0.7986651835372637,15.0,255.0,135.0,195.31199999999995,0.0
719,0.7997775305895439,15.0,255.0,135.0,195.31199999999995,0.0
720,0.8008898776418243,15.0,255.0,135.0,195.31199999999995,0.0
721,0.8020022246941045,15.0,255.0,135.0,195.31199999999995,0.0
722,0.8031145717463849,15.0,255.0,135.0,195.31199999999995,0.0
723,0.8042269187986651,15.0,255.0,135.0,195.31199999999995,0.0
724,0.8053392658509455,15.0,255.0,135.0,195.31199999999995,0.0
725,0.8064516129032258,15.0,255.0,135.0,195.31199999999995,0.0
726,0.8075639599555061,15.0,255.0,135.0,195.31199999999995,0.0
727,0.8086763070077865,15.0,255.0,135.0,195.31199999999995,0.0
728,0.8097886540600667,15.0,255.0,135.0,195.31199999999995,0.0
729,0.8109010011123471,15.0,255.0,135.0,195.31199999999995,0.0
730,0.8120133481646273,20.0,58.0,50.0,49.3436,214.61360627881913
731,0.8131256952169077,20.0,58.0,50.0,49.3436,0.0
732,0.814238042269188,20.0,58.0,50.0,49.3436,0.0
733,0.8153503893214683,20.0,58.0,50.0,49.3436,0.0
734,0.8164627363737486,20.0,58.0,50.0,49.3436,0.0
735,0.8175750834260289,20.0,58.0,50.0,49.3436,0.0
736,0.8186874304783093,20.0,58.0,50.0,49.3436,0.0
737,0.8197997775305895,20.0,58.0,50.0,49.3436,0.0
738,0.8209121245828699,20.0,58.0,50.0,49.3436,0.0
739,0.8220244716351501,20.0,58.0,50.0,49.3436,0.0
740,0.8231368186874305,20.0,58.0,50.0,49.3436,0.0
741,0.8242491657397107,20.0,58.0,50.0,49.3436,0.0
742,0.8253615127919911,20.0,58.0,50.0,49.3436,0.0
743,0.8264738598442715,20.0,58.0,50.0,49.3436,0.0
744,0.8275862068965517,49.0,85.0,86.0,77.41859999999998,53.53503525729669
745,0.8286985539488321,48.75,77.75,71.75,71.1514,15.990231392947383
746,0.8298109010011123,26.0,58.0,51.0,50.6914,36.5812451947716
747,0.8309232480533927,25.5,57.5,50.5,50.191399999999994,0.8660254037844386
748,0.8320355951056729,25.0,57.0,50.0,49.691399999999994,0.8660254037844386
749,0.8331479421579533,25.0,57.0,50.0,49.691399999999994,0.0
750,0.8342602892102335,25.0,57.0,50.0,49.691399999999994,0.0
751,0.8353726362625139,25.0,57.0,50.0,49.691399999999994,0.0
752,0.8364849833147943,25.0,57.0,50.0,49.691399999999994,0.0
753,0.8375973303670745,24.5,56.5,49.5,49.1914,0.8660254037844386
754,0.8387096774193549,24.0,56.0,49.0,48.691399999999994,0.8660254037844386
755,0.8398220244716351,24.0,56.0,49.0,48.691399999999994,0.0
756,0.8409343715239155,24.0,56.0,49.0,48.691399999999994,0.0
757,0.8420467185761957,23.75,55.75,48.75,48.4414,0.4330127018922193
758,0.8431590656284761,24.0,56.0,49.0,48.691399999999994,0.4330127018922193
759,0.8442714126807565,23.5,55.5,48.5,48.191399999999994,0.8660254037844386
760,0.8453837597330367,23.0,55.0,49.0,47.7636,0.8660254037844386
761,0.8464961067853171,23.0,55.0,49.0,47.7636,0.0
762,0.8476084538375973,27.5,58.881410256410255,52.99038461538461,51.784390384615385,7.1581083365135605
763,0.8487208008898777,33.15384615384615,63.73717948717949,57.98717948717949,56.82001282051282,8.972871900603604
764,0.8498331479421579,35.342948717948715,65.65064102564102,59.94230769230769,58.795083974358974,3.503716797034233
765,0.8509454949944383,46.47435897435897,75.1698717948718,69.67948717948718,68.6728,17.587970693059912
766,0.8520578420467185,126.87820512820512,144.56410256410257,141.68589743589743,140.59627435897437,128.31703261219485
767,0.8531701890989989,138.0,154.10576923076923,151.5096153846154,150.49424038461538,17.64208486217045
768,0.8542825361512792,108.17307692307692,128.40705128205127,125.07051282051282,123.86441025641024,47.42463061363346
769,0.8553948832035595,111.77884615384616,131.50320512820514,128.2948717948718,127.07816474358975,5.743189982940219
770,0.8565072302558399,106.95833333333333,127.33333333333333,123.98076923076923,122.75955320512821,7.696535296611872
771,0.8576195773081201,101.66346153846153,122.7275641025641,119.28525641025641,118.00080128205127,8.443732479113113
772,0.8587319243604005,122.45192307692308,140.94230769230768,137.62820512820514,136.7719737179487,33.172289412181016
773,0.8598442714126807,112.3173076923077,132.25641025641025,128.61858974358975,127.7547064102564,16.103676991287138
774,0.8609566184649611,34.68269230769231,65.5448717948718,59.93910256410256,58.5788358974359,123.26570824466887
775,0.8620689655172413,27.5,59.41346153846154,53.62179487179487,52.210501282051275,11.36193808285739
776,0.8631813125695217,28.983974358974358,60.708333333333336,54.93589743589744,53.54696474358975,2.36764406366937
777,0.864293659621802,25.727564102564102,57.842948717948715,52.01602564102564,50.5945141025641,5.228794129684646
778,0.8654060066740823,19.0,53.0,46.0,45.2662,10.24240379755984
779,0.8665183537263627,19.0,53.0,46.0,45.2662,0.0
780,0.8676307007786429,19.0,53.0,46.0,45.2662,0.0
781,0.8687430478309233,18.75,52.75,45.75,45.0162,0.4330127018922193
782,0.8698553948832035,19.0,53.0,46.0,45.2662,0.4330127018922193
783,0.8709677419354839,18.5,52.5,45.5,44.7662,0.8660254037844386
784,0.8720800889877642,19.0,52.0,45.0,44.4788,0.8660254037844386
785,0.8731924360400445,19.0,52.0,45.0,44.4788,0.0
786,0.8743047830923248,19.0,52.0,45.0,44.4788,0.0
787,0.8754171301446051,18.875,51.875,44.875,44.3538,0.21650635094610965
788,0.8765294771968855,19.0,52.0,45.0,44.4788,0.21650635094610965
789,0.8776418242491657,18.5,51.5,44.5,43.9788,0.8660254037844386
790,0.8787541713014461,18.0,51.0,44.0,43.47879999999999,0.8660254037844386
791,0.8798665183537263,18.0,51.0,44.0,43.47879999999999,0.0
792,0.8809788654060067,14.0,44.0,38.0,37.1888,10.04987562112089
793,0.882091212458287,53.75,87.0,89.75,80.1296,78.1480965859054
794,0.8832035595105673,19.0,57.0,49.0,48.343599999999995,61.38505518446652
795,0.8843159065628476,19.0,57.0,49.0,48.343599999999995,0.0
796,0.8854282536151279,19.0,56.26602564102564,49.0,47.818661538461534,0.7339743589743577
797,0.8865406006674083,19.0,56.17628205128205,49.0,47.754476923076915,0.0897435897435912
798,0.8876529477196885,19.0,56.118589743589745,49.0,47.71321538461538,0.0576923076923066
799,0.8887652947719689,19.0,56.080128205128204,48.23397435897436,47.63040064102564,0.7669905948899078
800,0.8898776418242491,19.0,56.04807692307692,48.157051282051285,47.601923717948715,0.08333333333333079
801,0.8909899888765295,19.0,56.01602564102564,48.10897435897436,47.57552948717948,0.057781270440128686
802,0.8921023359288098,19.0,56.0,48.07371794871795,47.56152243589743,0.03872771145382796
803,0.8932146829810901,19.0,56.0,48.041666666666664,47.55920833333333,0.0320512820512846
804,0.8943270300333704,19.0,56.0,48.01602564102564,47.55735705128205,0.025641025641021997
805,0.8954393770856507,19.0,56.0,48.0,47.5562,0.0160256410256423
806,0.896551724137931,19.0,56.0,48.0,47.5562,0.0
807,0.8976640711902113,19.0,55.24679487179487,48.0,47.01750769230769,0.7532051282051313
808,0.8987764182424917,19.0,55.17628205128205,48.0,46.967076923076924,0.0705128205128176
809,0.899888765294772,19.0,55.125,48.0,46.9304,0.0512820512820511
810,0.9010011123470523,19.0,55.092948717948715,48.0,46.90747692307692,0.0320512820512846
811,0.9021134593993326,19.0,55.06089743589744,47.26602564102564,46.8315608974359,0.7346738353262282
812,0.9032258064516129,19.0,55.03525641025641,47.18910256410256,46.807668589743585,0.08108404256842419
813,0.9043381535038932,19.0,55.00961538461539,47.13782051282051,46.78562756410256,0.057335076346146666
814,0.9054505005561735,18.375,55.0,47.10576923076923,46.64356153846154,0.6258951512054015
815,0.9065628476084538,18.240384615384617,55.0,47.07371794871795,46.6126282051282,0.1383784175956589
816,0.9076751946607341,18.17628205128205,54.375,47.04807692307692,46.15014871794872,0.6288017182868121
817,0.9087875417130145,18.131410256410255,54.24038461538461,47.02884615384615,46.04294358974359,0.1431942814339037
818,0.9098998887652948,18.099358974358974,54.17628205128205,47.00961538461539,45.98889487179487,0.07420408271019088
819,0.9110122358175751,18.07371794871795,54.13782051282051,46.458333333333336,45.91613333333333,0.5532166412920876
820,0.9121245828698554,18.048076923076923,54.10576923076923,46.25961538461539,45.87341153846154,0.20291271527364577
821,0.9132369299221357,19.0,58.13782051282051,53.02884615384615,49.448251923076924,7.936377025606244
822,0.914349276974416,47.0,91.0,91.0,81.64559999999999,57.4954899540467
823,0.9154616240266963,36.20192307692308,66.25320512820512,61.756410256410255,59.53963397435896,39.801882653396774
824,0.9165739710789766,16.733974358974358,50.76282051282051,44.208333333333336,43.05505384615385,30.444836122328702
825,0.917686318131257,16.807692307692307,51.458333333333336,44.80448717948718,43.61119935897435,0.9190058910284042
826,0.9187986651835373,16.903846153846153,51.93269230769231,45.36217948717949,44.01116858974358,0.7384326027094434
827,0.9199110122358176,17.33653846153846,52.78525641025641,45.94551282051282,44.755029487179485,1.1199848034213675
828,0.9210233592880979,17.44551282051282,52.49038461538461,46.56410256410256,44.6119673076923,0.693886199026334
829,0.9221357063403782,16.60576923076923,53.29807692307692,46.381410256410255,44.99790897435898,1.179369594194592
830,0.9232480533926585,16.75,53.90384615384615,46.881410256410255,45.49791858974359,0.7985980689556221
831,0.9243604004449388,16.91025641025641,53.875,47.64102564102564,45.56620256410256,0.7768717720218494
832,0.9254727474972191,17.28525641025641,54.77884615384615,48.4775641025641,46.352756410256404,1.28738473948374
833,0.9265850945494994,17.46474358974359,55.669871794871796,48.125,47.002721794871796,0.9749070658181996
834,0.9276974416017798,17.580128205128204,56.42307692307692,48.77564102564103,47.612921153846145,1.0019806978525898
835,0.92880978865406,17.75,56.34615384615385,49.4775641025641,47.644699358974364,0.726271018541586
836,0.9299221357063404,18.131410256410255,57.25,50.25961538461539,48.42868205128205,1.254597888279539
837,0.9310344827586207,17.291666666666668,58.16346153846154,49.83974358974359,48.873145512820514,1.3099135860402524
838,0.932146829810901,17.378205128205128,57.76282051282051,50.54807692307692,48.656146794871795,0.8183753710023559
839,0.9332591768631813,17.44551282051282,58.407051282051285,51.07051282051282,49.168930128205126,0.8321675771123946
840,0.9343715239154616,17.503205128205128,59.05448717948718,51.47435897435897,49.67339935897436,0.7652407200559972
841,0.9354838709677419,17.85576923076923,59.52564102564103,52.15064102564103,50.134151282051285,0.896462384067877
842,0.9365962180200222,17.958333333333332,59.205128205128204,51.43269230769231,49.87488974358974,0.7929049280034021
843,0.9377085650723026,17.955128205128204,59.38461538461539,51.842948717948715,50.03219807692307,0.44781273162288515
844,0.9388209121245829,18.01923076923077,59.88461538461539,52.12179487179487,50.423558974358976,0.5760766583010599
845,0.9399332591768632,17.826923076923077,59.993589743589745,52.09935897435897,50.45899294871795,0.2221734208413256
846,0.9410456062291435,17.90705128205128,60.208333333333336,52.57371794871795,50.66386153846154,0.5268318281462624
847,0.9421579532814238,17.833333333333332,60.52884615384615,52.57371794871795,50.87741987179487,0.32888113973936506
848,0.9432703003337041,17.82051282051282,60.65384615384615,52.56089743589744,50.96316858974359,0.12630808009767933
849,0.9443826473859844,17.737179487179485,60.66025641025641,52.63782051282051,50.955590384615384,0.1135900329914693
850,0.9454949944382648,17.669871794871796,60.81410256410256,52.71474358974359,51.05686538461538,0.18470550684902448
851,0.946607341490545,17.608974358974358,60.73397435897436,52.63782051282051,50.98105705128205,0.12667354388057625
852,0.9477196885428254,17.541666666666668,60.64102564102564,52.506410256410255,50.89078269230768,0.17446617179816148
853,0.9488320355951056,18.330128205128204,61.455128205128204,53.31089743589744,51.69873974358974,1.3898324375516429
854,0.949944382647386,18.32371794871795,61.42307692307692,53.25320512820513,51.67028846153846,0.06630820790249121
855,0.9510567296996663,18.19871794871795,61.32051282051282,53.13461538461539,51.56179743589743,0.20051913230278307
856,0.9521690767519466,18.07371794871795,61.19230769230769,52.99038461538461,51.43311666666666,0.22992187736488454
857,0.9532814238042269,18.0,61.131410256410255,52.93589743589744,51.3699564102564,0.11005310713711067
858,0.9543937708565072,18.003205128205128,61.125,52.916666666666664,51.36466474358974,0.020522834094339797
859,0.9555061179087876,17.935897435897434,61.07051282051282,52.80128205128205,51.30305512820512,0.14426637737085754
860,0.9566184649610678,17.830128205128204,60.96474358974359,52.72115384615385,51.19913717948718,0.16969027553780472
861,0.9577308120133482,17.727564102564102,60.85576923076923,52.592948717948715,51.09013717948717,0.19705674549922417
862,0.9588431590656284,17.71794871794872,60.89423076923077,52.52884615384615,51.11097243589743,0.07537164113015461
863,0.9599555061179088,17.631410256410255,60.75961538461539,52.467948717948715,50.99190064102564,0.17122705627170398
864,0.9610678531701891,17.57371794871795,60.68269230769231,52.368589743589745,50.91744615384615,0.1382670167315565
865,0.9621802002224694,17.528846153846153,60.666666666666664,52.26282051282051,50.88880833333333,0.1160061607106046
866,0.9632925472747497,17.541666666666668,60.69230769230769,52.28846153846154,50.91172371794871,0.038461538461543654
867,0.96440489432703,17.506410256410255,60.657051282051285,52.2275641025641,50.87461602564102,0.07870531511416001
868,0.9655172413793104,17.192307692307693,60.40384615384615,51.955128205128204,50.60707564102564,0.4868208869151817
869,0.9666295884315906,17.141025641025642,60.3525641025641,51.91346153846154,50.55648782051282,0.08364095096602352
870,0.967741935483871,17.121794871794872,60.35576923076923,51.87179487179487,50.55168333333334,0.046002243892336016
871,0.9688542825361512,17.060897435897434,60.26282051282051,51.78846153846154,50.46624294871795,0.13889710692320908
872,0.9699666295884316,17.118589743589745,60.26282051282051,51.82692307692308,50.48128525641025,0.0693375245281566
873,0.9710789766407119,18.256410256410255,61.18269230769231,53.083333333333336,51.47179102564102,1.9285658844874016
874,0.9721913236929922,20.01923076923077,63.00320512820513,55.43910256410256,53.318683974358976,3.459978577782148
875,0.9733036707452726,21.32371794871795,64.4551282051282,57.43269230769231,54.7783705128205,2.7900120946860434
876,0.9744160177975528,22.724358974358974,65.98076923076923,59.506410256410255,56.31700769230768,2.9308159192727734
877,0.9755283648498332,23.80128205128205,67.15705128205128,61.342948717948715,57.51983653846154,2.4323396758034943
878,0.9766407119021134,25.44871794871795,68.86538461538461,63.794871794871796,59.26891025641025,3.4123854690064146
879,0.9777530589543938,27.721153846153847,71.43910256410257,67.61538461538461,61.868594230769226,5.1365657008560754
880,0.978865406006674,29.746794871794872,73.94871794871794,71.47435897435898,64.37274038461538,5.029222012069043
881,0.9799777530589544,31.28205128205128,76.09935897435898,74.87179487179488,66.48256923076923,4.304049226436634
882,0.9810901001112347,33.34935897435897,78.75961538461539,78.97115384615384,69.12066794871795,5.306172751017652
883,0.982202447163515,34.166666666666664,79.91666666666667,81.5673076923077,70.30939294871794,2.95749460288625
884,0.9833147942157954,34.006410256410255,79.82051282051282,82.14102564102564,70.24797564102563,0.6033903909075552
885,0.9844271412680756,33.842948717948715,79.85576923076923,82.84615384615384,70.28934935897435,0.7246850865636086
886,0.985539488320356,33.59935897435897,79.69551282051282,83.3301282051282,70.15788974358975,0.5650214689328497
887,0.9866518353726362,33.26602564102564,79.50961538461539,83.41346153846153,69.9600858974359,0.390657666286982
888,0.9877641824249166,32.842948717948715,79.21474358974359,83.24679487179488,69.6472141025641,0.5419605484063659
889,0.9888765294771968,32.55448717948718,78.97435897435898,83.05448717948718,69.40007948717948,0.42187328785538597
890,0.9899888765294772,32.166666666666664,78.59935897435898,82.6698717948718,69.0216596153846,0.6625396171152421
891,0.9911012235817576,31.887820512820515,78.29166666666667,82.34615384615384,68.71894294871795,0.5265197470655483
892,0.9922135706340378,31.625,78.0,82.1025641025641,68.43688012820512,0.46203899141284543
893,0.9933259176863182,31.33974358974359,77.6698717948718,81.79807692307692,68.11814294871795,0.5320416279630777
894,0.9944382647385984,31.919871794871796,78.3076923076923,82.6474358974359,68.75897115384615,1.210278649024276
895,0.9955506117908788,38.782051282051285,89.7948717948718,98.5448717948718,79.58129615384615,20.779154650707707
896,0.996662958843159,44.916666666666664,100.66346153846153,115.75,89.90094102564102,21.25502729912436
897,0.9977753058954394,47.31730769230769,104.12820512820512,122.51282051282051,93.37757756410257,7.968893697702712
898,0.9988876529477196,48.69230769230769,106.84935897435898,127.24358974358974,95.95763333333332,5.628097437787549
899,1.0,49.37820512820513,108.54166666666667,129.35576923076923,97.46629294871795,2.792071418154679
